{"cameraMode":{"drawMode":0,"name":"Shaded","section":"Shading Mode"},"sceneLighting":false,"audioPlay":false,"sceneViewState":{"m_AlwaysRefresh":false,"showFog":true,"showSkybox":false,"showFlares":true,"showImageEffects":true,"showParticleSystems":true,"showVisualEffectGraphs":true,"m_FxEnabled":true},"in2DMode":false,"pivot":{"x":-1.3000001907348633,"y":-0.15000009536743165,"z":-1.159999966621399},"rotation":{"x":-0.6134297847747803,"y":0.06447489559650421,"z":-0.050351206213235858,"w":-0.7855033278465271},"size":7.215435028076172,"orthographic":false}