{"cameraMode":{"drawMode":0,"name":"Shaded","section":"Shading Mode"},"sceneLighting":true,"audioPlay":false,"sceneViewState":{"m_AlwaysRefresh":false,"showFog":true,"showSkybox":true,"showFlares":true,"showImageEffects":true,"showParticleSystems":true,"showVisualEffectGraphs":true,"m_FxEnabled":true},"in2DMode":false,"pivot":{"x":437.3652648925781,"y":157.64541625976563,"z":23.88904571533203},"rotation":{"x":0.12506195902824403,"y":0.01874232478439808,"z":-0.0023771082051098348,"w":0.9919894337654114},"size":232.98092651367188,"orthographic":false}